Workbook

Sheet Summary
A1: PJ22045_1R8T System Register Map v0.1 (design_1 / system_reg_map, shared by all channels)
A3: Base address (hex) | B3: A0098000
A4: AXI-Lite range | B4: 4 KB window (Address Editor), 64 x 32-bit registers (sys0~63), 8-bit address
A5: Clock | B5: S_AXI_ACLK = pl_clk0 (100 MHz)
A6: Version | B6: v0.1 (2026-10-15, PJ22045_1R8T build 02): register definition = Calibration_Gain_Control Reg_map_emu_sys_v0.1; only the base address differs.
A7: Connection | B7: sysN -> net reg_<register name> -> cal_plus_gain_control_ch1~ch8 pin reg_<register name> (same value for all 8 channels)
A8: Source | B8: docs/02_RFSoC_TX/tools/regmap_def.py -> docs/02_RFSoC_TX/tools/mk_regmap_v8.py (this file)
A10: Notes
A11: 1 | B11: Non-zero reset: power_limit_margin = 3, cw_mode_goal_dbfs = 0x7A0 (-6.0 dBFS), pulse_update_stable_cycle = 4, digital_apply_delay = 35, agc_sr_update_period = 50, agc_mode_settle_cycle = 64, agc_rx_watch / wait_dsa / set_dsa / wait / set_clear / wait_clear = 1000 / 6 / 6 / 50 / 6 / 16.
A12: 2 | B12: AGC cycle registers: a value below the hardware minimum is used as the minimum (read-back returns the written value).
A13: 3 | B13: Pulse auto update: pulse_avg_amp / pulse_papr (BD inputs, per channel) are latched together after they stay unchanged for pulse_update_stable_cycle clk; one Power Fit result (pf + goal_rel) is sent per update. t0 -> pf / goal_rel = M + 7 clk.
A14: 4 | B14: build_version (sys14) is read-only; PJ22045_1R8T build 02 = 0 (BUILD_VERSION parameter not set yet).

Sheet Register_Map
A1: Index | B1: Offset (hex) | C1: Address | D1: Register Name | E1: Bits | F1: R/W | G1: Reset (hex) | H1: Format / Unit | I1: Range / Values | J1: Description | K1: Takes effect | L1: Used by (BD) | M1: Group
A2: sys0 | B2: 000 | C2: ="0x"&DEC2HEX(HEX2DEC(Summary!$B$3)+0,8) | D2: signal_mode_select | E2: [0] | F2: R/W | G2: 0 | H2: bit | I2: 0: CW, 1: Pulse | J2: Power Fit input / goal: CW = cw_power_calc + cw_mode_goal_dbfs; Pulse = pulse_avg_amp + goal -(margin + PAPR), auto update | K2: Real-time (CDC) | L2: chN/cal_cdc_0 -> power_fit_top/power_fit_db_0 | M2: Power Fit
A3: sys1 | B3: 004 | C3: ="0x"&DEC2HEX(HEX2DEC(Summary!$B$3)+4,8) | D3: power_limit_margin | E3: [2:0] | F3: R/W | G3: 3 | H3: U3.0 dB | I3: 0 ~ 7 dB | J3: Power limit = -margin dBFS. CW goal = min(cw_mode_goal_dbfs, -margin); Pulse goal = -(margin + PAPR) | K3: Real-time (CDC) | L3: chN/cal_cdc_0 -> power_fit_top/power_fit_db_0 | M3: Power Fit
A4: sys2 | B4: 008 | C4: ="0x"&DEC2HEX(HEX2DEC(Summary!$B$3)+8,8) | D4: cw_mode_goal_dbfs | E4: [10:0] | F4: R/W | G4: 7A0 (-6) | H4: S6.4 dBFS (16384 = 0 dBFS) | I4: -64 ~ 0 dB (HW: <= -margin) | J4: CW mode Power Fit goal (e.g. 0x7A0 = -6.0 dBFS ~ amplitude 8211) | K4: Real-time (CDC) | L4: chN/cal_cdc_0 -> power_fit_top/power_fit_db_0 | M4: Power Fit
A5: sys3 | B5: 00C | C5: ="0x"&DEC2HEX(HEX2DEC(Summary!$B$3)+12,8) | D5: pulse_update_stable_cycle | E5: [3:0] | F5: R/W | G5: 4 | H5: unsigned, clk (3.906 ns) | I5: 0 ~ 15 | J5: Pulse auto update: pulse_avg_amp / pulse_papr must stay unchanged M clk after a change before they are latched together and one Power Fit result (pf + goal_rel) is sent | K5: Real-time (CDC) | L5: chN/cal_cdc_0 -> power_fit_top/power_fit_db_0 | M5: Power Fit
A6: sys4 | B6: 010 | C6: ="0x"&DEC2HEX(HEX2DEC(Summary!$B$3)+16,8) | D6: agc_tx_power_mode | E6: [0] | F6: R/W | G6: 0 | H6: bit | I6: 0: Linear, 1: Manual | J6: TXAGC target T. Linear: 96.5625 + linear_mode_offset - rx_att_index x 10 + pf - offsets + algo; Manual: dac_output_ref_dbm + goal_rel_db + 50 - target_power + manual_mode_offset - offsets + algo (dB) | K6: Real-time | L6: chN/agc_emu/agc_cdc_0 -> txagc_0 | M6: AGC_EMU
A7: sys5 | B7: 014 | C7: ="0x"&DEC2HEX(HEX2DEC(Summary!$B$3)+20,8) | D7: digital_apply_delay | E7: [7:0] | F7: R/W | G7: 23 | H7: unsigned, adc_clk (4.167 ns) | I7: 0 ~ 255 (< agc_sr_update_period) | J7: Digital gain index applied N clk after the Reg1~4 SR start (35 = RCLK) | K7: Next analog step | L7: chN/agc_emu/agc_cdc_0 -> gain_apply_sync_0 | M7: AGC_EMU
A8: sys6 | B8: 018 | C8: ="0x"&DEC2HEX(HEX2DEC(Summary!$B$3)+24,8) | D8: agc_sr_update_period | E8: [7:0] | F8: R/W | G8: 32 | H8: unsigned, adc_clk | I8: HW min 50, max 255 (208 ns ~ 1.06 us) | J8: Shift register update round (SER transfer ~37 clk + hardware settling); shared by Reg1~4 and Reg5 | K8: Next round | L8: chN/agc_emu/agc_cdc_0 -> sr_att_group / sr_reg5_group | M8: AGC_EMU
A9: sys7 | B9: 01C | C9: ="0x"&DEC2HEX(HEX2DEC(Summary!$B$3)+28,8) | D9: agc_mode_settle_cycle | E9: [15:0] | F9: R/W | G9: 40 | H9: unsigned, adc_clk | I9: HW min 1 | J9: Wait after Reg5 transfer before AGC switches RX/TX | K9: Real-time | L9: chN/agc_emu/agc_cdc_0 -> agc_mode_ctrl_0 | M9: AGC_EMU
A10: sys8 | B10: 020 | C10: ="0x"&DEC2HEX(HEX2DEC(Summary!$B$3)+32,8) | D10: agc_rx_watch_cycle | E10: [31:0] | F10: R/W | G10: 3E8 | H10: unsigned, adc_clk | I10: HW min 1 | J10: RXAGC S_WATCHING time (no signal -> back to 0 dB); set by PRI | K10: Real-time | L10: chN/agc_emu/agc_cdc_0 -> rxagc_0 | M10: AGC_EMU
A11: sys9 | B11: 024 | C11: ="0x"&DEC2HEX(HEX2DEC(Summary!$B$3)+36,8) | D11: agc_rx_wait_dsa_cycle | E11: [7:0] | F11: R/W | G11: 6 | H11: unsigned, adc_clk | I11: HW min 1 | J11: RXAGC S_WAIT_DSA | K11: Real-time | L11: chN/agc_emu/agc_cdc_0 -> rxagc_0 | M11: AGC_EMU
A12: sys10 | B12: 028 | C12: ="0x"&DEC2HEX(HEX2DEC(Summary!$B$3)+40,8) | D12: agc_rx_set_dsa_cycle | E12: [7:0] | F12: R/W | G12: 6 | H12: unsigned, adc_clk | I12: HW min 1 | J12: RXAGC S_SET_DSA | K12: Real-time | L12: chN/agc_emu/agc_cdc_0 -> rxagc_0 | M12: AGC_EMU
A13: sys11 | B13: 02C | C13: ="0x"&DEC2HEX(HEX2DEC(Summary!$B$3)+44,8) | D13: agc_rx_wait_cycle | E13: [7:0] | F13: R/W | G13: 32 | H13: unsigned, adc_clk | I13: HW min 1 | J13: RXAGC S_WAIT (RF settling before flag clear) | K13: Real-time | L13: chN/agc_emu/agc_cdc_0 -> rxagc_0 | M13: AGC_EMU
A14: sys12 | B14: 030 | C14: ="0x"&DEC2HEX(HEX2DEC(Summary!$B$3)+48,8) | D14: agc_rx_set_clear_cycle | E14: [7:0] | F14: R/W | G14: 6 | H14: unsigned, adc_clk | I14: HW min 6 | J14: RXAGC clear_or / clear_ov pulse width | K14: Real-time | L14: chN/agc_emu/agc_cdc_0 -> rxagc_0 | M14: AGC_EMU
A15: sys13 | B15: 034 | C15: ="0x"&DEC2HEX(HEX2DEC(Summary!$B$3)+52,8) | D15: agc_rx_wait_clear_cycle | E15: [7:0] | F15: R/W | G15: 10 | H15: unsigned, adc_clk | I15: HW min 1 | J15: RXAGC S_WAIT_CLEAR | K15: Real-time | L15: chN/agc_emu/agc_cdc_0 -> rxagc_0 | M15: AGC_EMU
A16: sys14 | B16: 038 | C16: ="0x"&DEC2HEX(HEX2DEC(Summary!$B$3)+56,8) | D16: build_version | E16: [31:0] | F16: R | G16: - | H16: unsigned | I16: - | J16: Build number (XSA / output_data index, e.g. 12), set by build_full_xsa.tcl | K16: - | L16: system_reg_map parameter BUILD_VERSION | M16: System
A17: sys15 | B17: 03C | C17: ="0x"&DEC2HEX(HEX2DEC(Summary!$B$3)+60,8) | D17: cw_power_avg_log2 | E17: [3:0] | F17: R/W | G17: 8 | H17: log2(N), CW samples (clk) | I17: 0 ~ 12 (N = 1 ~ 4096, >12 -> 12) | J17: CW power block average: cw_amp averaged over N = 2^k samples, Power Fit (CW) updated once every N clk (2026-10-10, build 13) | K17: Next block | L17: chN/cal_cdc_0 -> power_fit_top/power_fit_db_0 | M17: Power Fit
A18: sys16 | B18: 040 | C18: ="0x"&DEC2HEX(HEX2DEC(Summary!$B$3)+64,8) | D18: agc_tx_att_hysteresis | E18: [7:0] | F18: R/W | G18: 10 | H18: U4.4 dB (1/16 dB) | I18: 0 ~ 15.9375 dB (0 = no hysteresis) | J18: TXAGC analog step hysteresis H: keep the current analog step while T stays within [A - H, A_next + H); R range -H ~ 4.9375 + H dB (build 13) | K18: Real-time | L18: chN/agc_emu/agc_cdc_0 -> txagc_0 | M18: AGC_EMU

Sheet Examples
A1: Step | B1: Register | C1: Address | D1: Write value (hex) | E1: Comment
A2: A. Check the build on the board
A3: 1 | B3: build_version (sys14) | C3: ="0x"&DEC2HEX(HEX2DEC(Summary!$B$3)+56,8) | D3: (read) | E3: 12 = build _12
A4: B. Pulse mode
A5: 1 | B5: power_limit_margin (sys1) | C5: ="0x"&DEC2HEX(HEX2DEC(Summary!$B$3)+4,8) | D5: 00000003 | E5: 3 dB
A6: 2 | B6: pulse_update_stable_cycle (sys3) | C6: ="0x"&DEC2HEX(HEX2DEC(Summary!$B$3)+12,8) | D6: 00000004 | E6: avg / PAPR latched after 4 stable clk
A7: 3 | B7: signal_mode_select (sys0) | C7: ="0x"&DEC2HEX(HEX2DEC(Summary!$B$3)+0,8) | D7: 00000001 | E7: Pulse: goal = -(3 + PAPR) dBFS
A8: C. CW mode goal -6 dBFS
A9: 1 | B9: cw_mode_goal_dbfs (sys2) | C9: ="0x"&DEC2HEX(HEX2DEC(Summary!$B$3)+8,8) | D9: 000007A0 | E9: -6.0 dBFS (HW limit: <= -margin)
A10: 2 | B10: signal_mode_select (sys0) | C10: ="0x"&DEC2HEX(HEX2DEC(Summary!$B$3)+0,8) | D10: 00000000 | E10: CW
A11: D. TX power mode / cycles
A12: 1 | B12: agc_tx_power_mode (sys4) | C12: ="0x"&DEC2HEX(HEX2DEC(Summary!$B$3)+16,8) | D12: 00000001 | E12: Manual (all channels)
A13: 2 | B13: agc_sr_update_period (sys6) | C13: ="0x"&DEC2HEX(HEX2DEC(Summary!$B$3)+24,8) | D13: 00000064 | E13: SR round = 100 clk (417 ns)
A14: 3 | B14: digital_apply_delay (sys5) | C14: ="0x"&DEC2HEX(HEX2DEC(Summary!$B$3)+20,8) | D14: 00000023 | E14: 35 = digital applied on RCLK
